id,Expected
12760,Acustico/Folk
10607,Rock
4355,Blues
757,Alt
11503,Blues
7048,Alt
7631,Rock
2156,Acustico/Folk
16426,Bollywood
11393,Bollywood
15072,Rock
10449,Alt
5743,Acustico/Folk
6485,Blues
10261,Rock
14044,Rock
4937,Rock
17893,Acustico/Folk
17682,Rock
4193,Rock
16021,Rap
12159,Alt
7986,Rock
11718,Rock
8599,Rock
4115,Acustico/Folk
16964,Rock
9467,Rock
10385,Alt
15404,Bollywood
12537,Rock
10711,Rock
100,Blues
10069,Rock
8711,Rock
14552,Metal
15967,Rock
2322,Rock
11633,Rock
15591,Acustico/Folk
405,Rap
16395,Acustico/Folk
3756,Rock
4131,Rock
15816,Metal
1780,Rock
656,Rock
15714,Rock
14663,Metal
14374,Rock
12128,Rock
2532,Rock
6003,Blues
4859,Rock
17365,Alt
1365,Blues
5956,Acustico/Folk
13871,Metal
3291,Bollywood
16325,Rock
6964,Rock
8823,Rock
16568,Rock
12657,Rap
16612,Rock
13175,Instrumental
9622,Rock
1261,Alt
16556,Alt
3917,Rock
17942,Metal
15636,Rock
6075,Rock
14595,Blues
17825,Rock
11014,Rock
7114,Blues
6162,Metal
3548,Rock
13426,Metal
15913,Rock
9496,Metal
11381,Country
3591,Acustico/Folk
11094,Alt
13794,Rock
12082,Alt
11182,Rap
15716,Rock
15697,Rock
15533,Acustico/Folk
17750,Rock
7425,Metal
16779,Acustico/Folk
710,Rock
10564,Rock
17478,Rock
15899,Alt
1800,Acustico/Folk
11818,Rap
1589,Rock
4382,Rock
13805,Rock
7549,Blues
8665,Rap
12303,Blues
8087,Rock
9830,Alt
17243,Rock
262,Rock
6502,Instrumental
12809,Metal
1329,Country
6265,Rock
3212,Rap
2130,Rock
4197,Rock
16536,Rock
16509,Rock
8003,Acustico/Folk
4029,Alt
4001,Rock
5014,Metal
17387,Rock
12958,Metal
16668,Acustico/Folk
258,Acustico/Folk
9383,Rock
9747,Metal
8828,Rock
9906,Rock
15037,Rap
8415,Rock
15884,Rock
5661,Rock
16070,Rock
5951,Metal
15172,Blues
11857,Rock
16231,Rock
8803,Rock
4562,Rock
8411,Metal
2387,Rock
12542,Rap
9422,Blues
8072,Rock
11846,Acustico/Folk
6127,Alt_Music
15650,Rock
6102,Rock
906,Alt
5790,Rock
13193,Metal
11181,Rock
5494,Rock
2150,Metal
17742,Acustico/Folk
12580,Rock
557,Rock
12386,Rap
1698,Acustico/Folk
12065,Bollywood
10822,Alt_Music
2649,Rock
10740,Rock
3015,Blues
13039,Bollywood
14578,Rock
8605,Rock
590,Rock
8263,Rock
7763,Acustico/Folk
15977,Alt_Music
15536,Rock
13447,Rock
12452,Rap
16249,Rap
458,Alt
11665,Blues
1821,Acustico/Folk
5643,Metal
9998,Rock
17312,Acustico/Folk
5001,Rock
17905,Rock
2105,Blues
16673,Acustico/Folk
16603,Country
5726,Rock
11472,Metal
10205,Rock
11930,Instrumental
15296,Acustico/Folk
9931,Rock
12716,Alt_Music
3137,Rock
4822,Rock
7942,Acustico/Folk
4063,Acustico/Folk
10294,Rock
4195,Rock
11002,Alt
3669,Rock
16947,Rock
2233,Rock
10855,Rock
3416,Rock
11737,Acustico/Folk
15735,Alt
4820,Alt_Music
8344,Acustico/Folk
11897,Rock
15538,Acustico/Folk
15752,Acustico/Folk
1009,Alt
5530,Alt
1614,Metal
8448,Acustico/Folk
17796,Rock
14163,Alt_Music
17612,Bollywood
16485,Rock
7235,Rock
1592,Alt
13761,Rock
8856,Rock
17224,Alt
206,Rock
15211,Country
2621,Metal
12187,Rock
17586,Alt
15188,Acustico/Folk
8796,Rap
2809,Rock
15274,Rap
2562,Bollywood
14580,Alt
2161,Rock
4842,Instrumental
6931,Rap
12471,Acustico/Folk
1307,Rock
12985,Rock
6622,Rock
5531,Rock
10117,Metal
1583,Rock
9671,Metal
15446,Alt
340,Metal
937,Rap
11756,Rap
2545,Bollywood
8556,Acustico/Folk
10768,Alt
14697,Instrumental
10204,Rap
2553,Rock
5621,Rock
5156,Rock
5573,Rock
15774,Rock
9385,Alt
2962,Rock
15841,Bollywood
2671,Rock
7797,Rock
6900,Acustico/Folk
619,Alt_Music
12241,Rock
7389,Acustico/Folk
12350,Rock
2327,Acustico/Folk
10998,Rock
14281,Acustico/Folk
3204,Rock
10641,Rap
10579,Rock
13212,Rock
14083,Alt_Music
1987,Acustico/Folk
7841,Rap
1112,Rock
6705,Metal
14980,Bollywood
6529,Metal
14316,Rock
15370,Acustico/Folk
12243,Rock
17105,Bollywood
12606,Rap
2480,Alt
9407,Rock
13392,Metal
849,Rock
10255,Rock
10979,Blues
12948,Metal
14219,Rock
15010,Alt
3915,Bollywood
17747,Rock
1867,Rock
2474,Rock
11574,Metal
2464,Rock
9460,Rock
17027,Rock
13560,Rock
9636,Alt
10150,Rap
14918,Acustico/Folk
6059,Rap
15846,Rock
5083,Alt
1324,Alt_Music
17911,Acustico/Folk
1656,Metal
8716,Bollywood
13082,Rock
13446,Instrumental
8294,Rap
5819,Rap
934,Rap
17498,Rock
5402,Rock
16487,Rock
4527,Rock
11715,Alt
15557,Alt
13932,Rock
17379,Blues
3267,Rock
11768,Rock
6407,Alt
5368,Rock
359,Acustico/Folk
16731,Acustico/Folk
14956,Rock
4757,Metal
11435,Acustico/Folk
11202,Rock
7514,Rock
1475,Rock
1173,Rock
11321,Metal
12793,Acustico/Folk
11638,Rock
14760,Acustico/Folk
5228,Rap
12759,Acustico/Folk
9887,Rock
14977,Instrumental
4924,Rock
5579,Rock
7189,Rap
10474,Rock
12114,Instrumental
17759,Rock
6735,Rap
15749,Rock
10558,Rock
7689,Alt
4860,Rock
3522,Alt
4891,Instrumental
7221,Rap
4899,Metal
14181,Blues
15097,Alt
15878,Rock
12257,Metal
10175,Alt
16400,Blues
7913,Acustico/Folk
13901,Rock
13027,Rock
16539,Rock
17786,Rock
1427,Rock
1257,Alt
11378,Rock
16461,Rap
2015,Acustico/Folk
1984,Rock
15563,Acustico/Folk
17165,Rock
7672,Metal
10681,Blues
13930,Acustico/Folk
15867,Acustico/Folk
10309,Acustico/Folk
14458,Alt_Music
9183,Country
5376,Rap
9306,Rock
12489,Acustico/Folk
2538,Rock
15222,Alt
1278,Rock
12305,Indie
17262,Acustico/Folk
5626,Alt
13386,Instrumental
3812,Metal
4592,Rock
5054,Blues
11264,Instrumental
13662,Rock
3691,Alt
12715,Acustico/Folk
17952,Instrumental
8702,Acustico/Folk
17183,Rock
2317,Rock
958,Blues
7922,Alt
13056,Rap
2787,Instrumental
9514,Metal
11505,Rock
10826,Rock
16415,Metal
15929,Bollywood
7169,Metal
2491,Rock
12963,Acustico/Folk
6658,Alt
16648,Metal
5076,Rap
4793,Alt_Music
1570,Acustico/Folk
4435,Bollywood
4594,Alt
2826,Rock
13397,Rock
307,Metal
138,Blues
2853,Rock
13218,Rock
11189,Acustico/Folk
15299,Metal
1658,Rock
14565,Acustico/Folk
17177,Rock
4713,Metal
17945,Rap
13099,Rock
9895,Rock
403,Country
88,Acustico/Folk
13695,Rock
16195,Metal
12899,Rock
14109,Rock
2425,Rock
8917,Alt
13779,Rock
14944,Rap
2841,Alt
10433,Rock
7344,Indie
4442,Rock
8969,Rock
8505,Rock
13230,Metal
6736,Rock
3742,Rock
11387,Acustico/Folk
6654,Bollywood
3994,Acustico/Folk
7716,Rap
15373,Acustico/Folk
10838,Rock
2665,Rock
6549,Acustico/Folk
14886,Rock
595,Metal
5493,Rock
14880,Bollywood
6528,Alt
871,Blues
17815,Rock
15975,Blues
10445,Bollywood
13011,Blues
14861,Acustico/Folk
5852,Rock
6009,Rock
3192,Metal
10213,Rock
10770,Instrumental
4678,Instrumental
9718,Blues
5221,Acustico/Folk
6191,Rock
5183,Rock
1629,Rock
5191,Rock
2164,Alt_Music
9459,Acustico/Folk
9932,Metal
15513,Rock
15740,Bollywood
3850,Instrumental
3320,Blues
1483,Rap
6884,Acustico/Folk
3265,Rock
4118,Blues
2458,Rock
6344,Rock
16297,Rock
4455,Bollywood
6728,Alt
7968,Rock
11544,Rock
7120,Acustico/Folk
1241,Rock
11038,Blues
13045,Metal
11111,Rock
1436,Metal
13918,Rock
9989,Blues
6770,Rap
6872,Rap
13885,Alt
6640,Acustico/Folk
7513,Metal
12007,Metal
492,Acustico/Folk
10497,Acustico/Folk
7771,Metal
7041,Alt
14338,Alt_Music
11126,Blues
13878,Acustico/Folk
9375,Instrumental
7543,Rock
16443,Metal
2381,Alt
11861,Rock
11475,Acustico/Folk
11306,Rock
1096,Rock
15638,Alt
14048,Rock
7231,Rock
16324,Rock
1779,Instrumental
8216,Metal
2607,Blues
15076,Rock
8137,Rock
6501,Acustico/Folk
14785,Rap
6262,Rock
17202,Rap
7810,Acustico/Folk
9511,Alt
8820,Rock
7911,Alt
9285,Rock
2679,Rock
2577,Rock
4486,Rock
7030,Acustico/Folk
473,Rock
485,Metal
9194,Alt
13316,Acustico/Folk
12638,Rock
3709,Rock
8101,Metal
13848,Alt
1369,Blues
4763,Instrumental
13808,Alt_Music
4415,Bollywood
12959,Acustico/Folk
10720,Alt_Music
17446,Rock
1623,Metal
5569,Metal
3458,Rock
9563,Rock
11489,Rock
3495,Rock
6590,Rock
12781,Rap
1807,Rock
4819,Metal
1279,Rock
2330,Rap
7646,Bollywood
8631,Acustico/Folk
847,Rock
17566,Alt_Music
901,Alt
9026,Acustico/Folk
884,Rock
17539,Acustico/Folk
1170,Acustico/Folk
4247,Rock
2298,Rock
11696,Rock
5777,Rock
4679,Rap
1871,Bollywood
15226,Rock
2306,Acustico/Folk
16498,Rap
15324,Acustico/Folk
17230,Metal
11483,Metal
14360,Bollywood
2466,Rap
6217,Alt_Music
4548,Acustico/Folk
9359,Country
7706,Indie
1510,Rock
1840,Rock
12595,Bollywood
10571,Instrumental
13628,Rock
17562,Rock
16745,Rock
8835,Rock
4538,Acustico/Folk
1277,Alt
16075,Rock
861,Rock
5691,Alt
3681,Blues
10983,Rap
11286,Rock
12622,Acustico/Folk
16945,Rock
2801,Bollywood
10946,Alt
4018,Rap
16066,Rock
7011,Rock
8736,Alt
16792,Rap
3156,Alt
9448,Acustico/Folk
15995,Rock
3693,Rap
6626,Metal
14706,Metal
616,Instrumental
7548,Acustico/Folk
10360,Alt
1956,Instrumental
14358,Acustico/Folk
7738,Rock
7250,Acustico/Folk
15579,Instrumental
14668,Rock
4436,Rock
318,Alt
534,Acustico/Folk
91,Instrumental
3727,Metal
1819,Rap
4561,Blues
13861,Rock
5442,Instrumental
725,Metal
3241,Rock
13824,Metal
11103,Instrumental
7633,Rock
9495,Metal
8609,Rock
12393,Alt
3470,Rock
15962,Rock
6599,Rock
16331,Acustico/Folk
3520,Alt_Music
8125,Metal
14999,Rock
6974,Rock
2705,Bollywood
5629,Acustico/Folk
3769,Country
13663,Rap
2193,Metal
5658,Rock
8782,Rock
6806,Alt
17259,Rock
8052,Alt
17780,Metal
4157,Bollywood
13633,Rock
15016,Metal
10599,Bollywood
1150,Rock
4790,Metal
12230,Alt
14768,Acustico/Folk
15898,Rock
1204,Rap
1914,Rock
4936,Instrumental
10156,Blues
702,Acustico/Folk
3106,Blues
642,Acustico/Folk
15481,Rock
5650,Acustico/Folk
1691,Rock
14942,Metal
5986,Instrumental
397,Metal
14438,Alt
2977,Rock
10530,Rap
7044,Rock
14141,Acustico/Folk
2664,Rock
6986,Rap
3254,Rock
17034,Acustico/Folk
12802,Rock
15302,Bollywood
11476,Rock
6919,Rap
235,Blues
15098,Blues
11700,Rock
1705,Bollywood
8791,Rock
7603,Acustico/Folk
8872,Rock
2851,Bollywood
2864,Bollywood
1602,Rock
14230,Rock
13764,Rock
2145,Rock
15519,Rock
10551,Metal
14551,Rock
12671,Rock
10971,Rock
12937,Bollywood
6871,Metal
15880,Rock
7881,Rock
16589,Rap
13600,Rap
6560,Rock
4670,Rock
1124,Alt_Music
14427,Rap
17572,Acustico/Folk
15620,Rock
6993,Metal
14300,Rock
9661,Rap
12281,Acustico/Folk
7427,Acustico/Folk
5506,Alt
13362,Acustico/Folk
13248,Rock
16031,Acustico/Folk
6550,Rock
1498,Blues
6733,Rock
12420,Rock
10389,Acustico/Folk
10785,Metal
2092,Rock
17851,Rock
9100,Rock
3741,Alt
4969,Blues
11535,Metal
10279,Alt
15364,Rap
13379,Country
7824,Acustico/Folk
6253,Rock
466,Alt_Music
15983,Blues
7837,Metal
7957,Country
17988,Rock
527,Rock
5636,Rock
6150,Rock
11174,Blues
14546,Metal
16483,Metal
9187,Rock
10691,Acustico/Folk
16174,Country
3939,Rock
8043,Metal
7517,Rock
15305,Metal
9326,Rap
11550,Rock
17622,Rock
2497,Rock
4896,Acustico/Folk
6687,Rock
9862,Rock
12197,Rock
6238,Rock
16307,Metal
16105,Rap
15175,Rock
3654,Rock
8994,Rock
4905,Acustico/Folk
1028,Instrumental
8744,Rock
2772,Rap
3912,Instrumental
16574,Country
9722,Instrumental
804,Blues
12601,Rock
9166,Rock
9863,Metal
6889,Rap
10934,Acustico/Folk
7348,Rock
3036,Acustico/Folk
12794,Bollywood
15426,Blues
14805,Rap
5784,Rock
12658,Metal
3933,Alt
14815,Rock
12475,Rock
3107,Rock
5350,Alt
8995,Rock
6928,Bollywood
17585,Bollywood
11210,Alt
3175,Acustico/Folk
11360,Blues
5395,Alt
13416,Country
9764,Bollywood
17725,Alt
14204,Acustico/Folk
4888,Rock
11118,Blues
2980,Acustico/Folk
17660,Acustico/Folk
3587,Blues
7148,Acustico/Folk
17648,Rock
1471,Acustico/Folk
3089,Rock
14753,Rock
6148,Blues
3719,Acustico/Folk
4027,Rock
7279,Rap
4944,Rock
13543,Alt_Music
234,Rock
16444,Blues
13526,Rock
11942,Acustico/Folk
4779,Alt
9293,Rock
5200,Rock
10456,Instrumental
8437,Rock
9217,Rock
4709,Rock
6042,Bollywood
7374,Bollywood
6448,Indie
1524,Rap
5576,Rock
15170,Rock
6952,Rap
14695,Acustico/Folk
8412,Alt
9530,Rap
4081,Rock
10184,Rock
1998,Rock
5194,Acustico/Folk
5995,Metal
7382,Rock
6269,Alt
7126,Rock
13154,Instrumental
9040,Acustico/Folk
6379,Blues
559,Bollywood
8768,Acustico/Folk
8689,Metal
16068,Rock
13705,Rock
9356,Acustico/Folk
15452,Rock
309,Rap
158,Rock
4424,Rock
521,Rock
13339,Rock
9607,Alt
12375,Rock
11363,Rock
6492,Blues
7328,Rock
8837,Rock
6309,Bollywood
15653,Alt
3121,Rock
14454,Acustico/Folk
15365,Rap
4506,Blues
4096,Rock
4930,Rock
9761,Rap
14518,Bollywood
5387,Alt_Music
2763,Rock
14385,Rap
7607,Rock
14223,Blues
12380,Acustico/Folk
15827,Rock
8231,Acustico/Folk
10312,Rap
12743,Acustico/Folk
14124,Acustico/Folk
15273,Rock
12582,Acustico/Folk
11964,Rap
16665,Rock
17003,Rock
528,Rock
2158,Rap
2617,Country
16819,Instrumental
2103,Rock
1373,Metal
1523,Rock
16311,Metal
17978,Rock
8682,Rock
11143,Rock
2175,Rock
2890,Rock
7785,Rock
3308,Acustico/Folk
13141,Alt
14236,Bollywood
16308,Rock
3743,Country
12668,Metal
3863,Alt
17749,Rock
6788,Rap
165,Rap
10493,Country
4863,Indie
6739,Alt
10351,Acustico/Folk
10244,Rap
7431,Rap
779,Rap
15453,Alt
5337,Metal
7151,Metal
4813,Metal
16915,Metal
7409,Metal
15148,Rock
14581,Blues
5272,Acustico/Folk
6922,Instrumental
15494,Metal
8066,Blues
10478,Metal
7074,Rock
5503,Rap
2716,Rock
15406,Rock
17184,Rock
9751,Acustico/Folk
9997,Alt
7857,Rock
11400,Rap
8282,Acustico/Folk
11929,Alt
3780,Alt
7230,Rap
5829,Acustico/Folk
8637,Rock
8723,Acustico/Folk
2454,Rock
7910,Alt
11991,Rap
6276,Rock
13181,Rock
14312,Metal
14766,Metal
7566,Rock
13287,Instrumental
14790,Alt
12890,Alt
14269,Alt_Music
16952,Alt
8822,Rock
16643,Rock
4067,Rock
12511,Rock
998,Rock
16907,Acustico/Folk
2488,Rock
17812,Acustico/Folk
11260,Instrumental
4789,Rock
12409,Acustico/Folk
7205,Rock
11520,Blues
7426,Alt_Music
14012,Rock
12290,Rock
8965,Metal
10547,Rock
4100,Rock
14829,Rock
5745,Metal
16904,Rock
2535,Rock
204,Rap
4862,Metal
7089,Metal
9973,Acustico/Folk
12426,Rock
520,Rock
5197,Acustico/Folk
11714,Rock
11966,Metal
12731,Instrumental
11957,Acustico/Folk
8801,Alt
4935,Rap
12175,Rap
2866,Rock
6257,Rock
3375,Rap
15066,Rock
1322,Alt_Music
11666,Metal
13352,Instrumental
5411,Alt
9866,Rock
15824,Metal
2147,Instrumental
10228,Metal
2731,Alt
11277,Alt
324,Rock
15363,Rock
4463,Rock
8222,Metal
17432,Metal
9402,Alt
10952,Rock
4543,Acustico/Folk
16221,Alt
7275,Acustico/Folk
9517,Rock
3841,Rock
15662,Rock
2725,Metal
463,Rock
9036,Instrumental
4834,Acustico/Folk
3852,Rock
4762,Alt
9800,Rock
11950,Rock
12798,Alt
5318,Rap
9284,Rap
8794,Acustico/Folk
12967,Rock
542,Rock
11754,Bollywood
12712,Rock
15354,Country
12414,Blues
11776,Acustico/Folk
1981,Rap
2869,Acustico/Folk
6301,Bollywood
15953,Rap
16085,Bollywood
14523,Rock
16933,Instrumental
13928,Alt
4771,Bollywood
13015,Rock
9851,Acustico/Folk
17122,Metal
4175,Metal
525,Rock
2173,Rock
5998,Blues
2815,Rock
5049,Acustico/Folk
13989,Acustico/Folk
1913,Bollywood
10584,Rock
5171,Bollywood
16320,Rock
4462,Acustico/Folk
10700,Acustico/Folk
15224,Instrumental
1231,Country
17985,Blues
9055,Bollywood
1227,Rap
15664,Metal
16349,Rap
7559,Rock
809,Bollywood
4693,Alt
13265,Acustico/Folk
6539,Rap
12989,Rock
5242,Metal
11554,Rap
964,Alt
12453,Rock
7628,Acustico/Folk
391,Alt
12942,Alt
4864,Rock
3789,Rap
5201,Rock
9131,Rap
6834,Rock
10687,Rock
5657,Metal
12142,Alt
136,Alt
7579,Rock
10999,Instrumental
15745,Rock
7342,Metal
14101,Alt
10585,Acustico/Folk
12813,Rock
17784,Rock
6371,Rock
9560,Rock
17411,Rock
7803,Rock
14417,Blues
2807,Country
16667,Rock
6783,Alt
14245,Blues
8022,Rap
6212,Alt_Music
4266,Acustico/Folk
16051,Rock
9663,Rock
5666,Rock
10332,Alt_Music
4821,Acustico/Folk
377,Metal
12282,Rock
16374,Rap
7977,Metal
12181,Rap
10140,Acustico/Folk
10479,Rock
7121,Rock
14969,Alt
15869,Rock
10734,Metal
7953,Rock
12865,Rock
7365,Rock
13077,Bollywood
611,Rock
13792,Metal
4624,Alt
399,Alt
5007,Metal
11217,Rock
1398,Metal
8289,Metal
2487,Blues
1176,Rock
2060,Rap
384,Alt
8627,Rock
1240,Rap
699,Rock
153,Rock
5845,Acustico/Folk
4599,Rock
15020,Rock
13913,Acustico/Folk
2657,Blues
17891,Rock
4596,Rock
16106,Metal
5104,Rap
2823,Rap
9216,Bollywood
17627,Country
3767,Country
17417,Metal
3426,Bollywood
3934,Bollywood
8331,Rap
17925,Alt
15132,Rock
2855,Rock
16949,Rock
10248,Acustico/Folk
6325,Alt
3046,Instrumental
5261,Rap
1848,Rock
9172,Alt
16675,Alt
5269,Rock
10368,Rock
7557,Acustico/Folk
15025,Rock
6022,Rock
16591,Blues
14354,Rock
8076,Alt
13150,Rock
5438,Rap
4257,Rock
4123,Alt
4014,Bollywood
12782,Rock
15744,Acustico/Folk
15047,Rock
6340,Acustico/Folk
16150,Alt
3715,Rock
6349,Alt
2778,Rap
12077,Rock
16651,Acustico/Folk
17814,Rock
14504,Metal
10994,Alt
16516,Rap
4600,Metal
15298,Rap
17084,Bollywood
12215,Acustico/Folk
13518,Rock
14345,Alt
11921,Alt
10107,Metal
9743,Rap
12447,Rock
1699,Acustico/Folk
404,Rap
8712,Acustico/Folk
8980,Country
14539,Country
7500,Rock
13781,Rock
5709,Rock
9145,Rock
16175,Country
9,Rock
9720,Rock
9869,Rock
17296,Instrumental
1456,Alt
9367,Instrumental
5227,Rock
16008,Rock
8016,Acustico/Folk
15658,Rock
7448,Rap
17486,Rock
7774,Alt
15012,Country
17331,Bollywood
952,Alt
2444,Alt
17354,Rock
9610,Rock
5716,Metal
368,Rock
7571,Alt
12751,Instrumental
8593,Rock
2996,Rock
1876,Metal
5159,Metal
2747,Metal
12976,Instrumental
7103,Alt
8362,Acustico/Folk
10044,Rock
8189,Rock
13842,Metal
2355,Rock
7552,Rock
10081,Alt
9497,Blues
2514,Blues
1445,Alt
8185,Acustico/Folk
1160,Rock
13054,Alt
5685,Acustico/Folk
12951,Instrumental
15901,Rock
11652,Rock
10387,Rock
15240,Alt
17670,Rock
8560,Metal
1316,Rock
13730,Rap
4984,Acustico/Folk
10472,Rock
2354,Rock
8025,Rock
13626,Rock
4671,Alt
10331,Rock
10567,Alt
14176,Alt
2135,Rock
14508,Acustico/Folk
3390,Acustico/Folk
10259,Rock
17102,Rock
3119,Acustico/Folk
8790,Metal
3525,Alt
1933,Rock
15683,Country
13267,Metal
942,Rock
1238,Metal
14968,Alt
569,Blues
13095,Country
14736,Alt
5678,Metal
6595,Alt
10241,Rap
17189,Bollywood
7249,Acustico/Folk
9039,Metal
16294,Instrumental
788,Rock
3925,Acustico/Folk
7561,Blues
7305,Acustico/Folk
6839,Rock
10918,Rock
13906,Rock
15348,Metal
2888,Metal
14399,Rock
4495,Instrumental
1120,Metal
2057,Rap
461,Rock
4368,Alt
5957,Rap
3989,Rock
1969,Instrumental
16273,Alt_Music
127,Rock
647,Bollywood
1463,Rock
6747,Country
9061,Bollywood
10589,Rock
4702,Rock
7648,Rock
11789,Rap
1026,Instrumental
13516,Rock
8807,Rap
13830,Acustico/Folk
2065,Alt
3067,Rock
9550,Rap
12961,Rock
3952,Bollywood
13802,Alt
4351,Rock
5421,Alt_Music
1823,Alt_Music
10147,Alt
12625,Alt
12517,Alt
8961,Rock
4445,Bollywood
16459,Rock
10828,Acustico/Folk
859,Metal
7123,Acustico/Folk
6120,Rap
7229,Rock
15199,Rap
9956,Alt_Music
11109,Rock
11195,Rap
1976,Rock
9561,Blues
2774,Acustico/Folk
7667,Rock
14293,Rock
7478,Rock
9254,Rock
14384,Rock
3754,Rock
14657,Rap
4982,Rock
1230,Rock
13566,Acustico/Folk
9069,Bollywood
1229,Rock
15350,Rock
4446,Country
10762,Rock
11874,Acustico/Folk
14177,Acustico/Folk
1169,Rock
10963,Acustico/Folk
13719,Acustico/Folk
4395,Rock
2124,Metal
9687,Metal
15331,Alt
11141,Acustico/Folk
16507,Rock
8220,Metal
10104,Metal
9429,Rock
10003,Rock
17917,Blues
2972,Metal
2036,Metal
5398,Acustico/Folk
13237,Rock
14196,Blues
16727,Bollywood
9075,Rock
8379,Rock
8051,Alt
1401,Alt
4915,Acustico/Folk
12031,Rock
11626,Acustico/Folk
9736,Rock
14017,Bollywood
12829,Metal
15154,Rock
14489,Blues
9157,Rock
8162,Acustico/Folk
16095,Alt
16887,Metal
10509,Bollywood
895,Alt_Music
11985,Bollywood
10501,Rap
6496,Rap
12390,Rock
16266,Rock
5091,Indie
14027,Metal
887,Rock
7026,Rock
9364,Rock
5730,Rock
13970,Rock
15957,Rock
680,Metal
6579,Country
14830,Alt
17993,Rock
4161,Country
16460,Rock
15973,Rock
9142,Rock
5073,Rock
17527,Bollywood
13460,Alt
15956,Rock
926,Acustico/Folk
5455,Rock
8368,Rock
6468,Rock
5206,Rock
5161,Blues
6089,Rock
14716,Rap
12130,Alt
2151,Rap
10441,Rock
13215,Rock
8926,Metal
17068,Metal
14137,Blues
15214,Rock
12301,Alt_Music
16495,Acustico/Folk
9691,Rock
7046,Alt
7855,Blues
1075,Alt_Music
16441,Alt
16520,Metal
9772,Rock
12756,Acustico/Folk
6740,Rock
15553,Alt
14693,Country
15951,Rock
115,Rock
9605,Rock
17261,Rock
17881,Blues
10424,Rock
8518,Rock
1256,Alt
14251,Alt
12678,Acustico/Folk
4914,Bollywood
11703,Acustico/Folk
16806,Alt
6252,Metal
17789,Country
15788,Rock
9623,Rap
932,Metal
14288,Rock
8876,Rock
6621,Alt
6868,Alt
7421,Alt
3019,Alt
2081,Alt
2596,Rock
7340,Metal
1791,Rock
1601,Bollywood
11507,Instrumental
7324,Rock
1920,Rock
2565,Rap
9789,Metal
8863,Rock
14485,Acustico/Folk
7353,Rock
16863,Rock
5266,Rock
17990,Alt
17346,Rock
13118,Rock
2218,Rock
6619,Rock
10296,Acustico/Folk
8983,Metal
2258,Metal
2520,Rap
7668,Rock
9975,Acustico/Folk
10313,Alt
15850,Rock
4612,Rap
17269,Bollywood
16989,Rock
15203,Rock
516,Rap
15186,Rock
9159,Rock
3546,Acustico/Folk
13121,Metal
12236,Acustico/Folk
15173,Rock
8510,Rock
7641,Rock
4884,Rock
15532,Alt
11001,Rock
2031,Metal
648,Instrumental
11237,Rock
10020,Acustico/Folk
1703,Acustico/Folk
12384,Rock
5785,Rock
10625,Rock
10415,Acustico/Folk
13783,Rock
4167,Alt
4831,Metal
3371,Alt
17452,Rock
13974,Rock
7849,Rock
13187,Rock
1149,Rock
4433,Rock
15619,Rock
16188,Rock
11150,Rock
9171,Rock
7807,Rock
12469,Alt
14564,Bollywood
14013,Rock
13936,Metal
1843,Acustico/Folk
17334,Rock
8164,Rock
17309,Metal
15928,Rock
6256,Acustico/Folk
7976,Rock
7370,Metal
5170,Rock
3021,Metal
6477,Rock
13128,Rock
14600,Rock
2741,Rock
9694,Acustico/Folk
4104,Alt_Music
4037,Alt
1032,Bollywood
16304,Alt
907,Alt
14464,Rock
7520,Rock
6436,Rock
14270,Rock
3214,Acustico/Folk
5749,Rock
1773,Rap
14685,Metal
4010,Rap
9994,Alt
6472,Rock
9433,Bollywood
3109,Acustico/Folk
13673,Rap
4804,Rock
2494,Blues
10410,Acustico/Folk
2331,Alt
13614,Bollywood
2895,Rap
7663,Rock
1818,Rock
13510,Rock
834,Acustico/Folk
9120,Metal
2822,Instrumental
6348,Instrumental
12705,Rap
3421,Metal
202,Rock
13086,Acustico/Folk
11676,Rock
15294,Blues
14168,Rock
11049,Rock
10085,Acustico/Folk
5120,Alt
12292,Rock
6013,Rock
4877,Rock
3806,Metal
12201,Acustico/Folk
2243,Blues
17706,Alt
10132,Rock
7704,Alt
10119,Rock
17301,Rock
10361,Metal
14105,Instrumental
17510,Rock
10283,Blues
16711,Alt
74,Alt
835,Acustico/Folk
13067,Rap
5580,Rock
12645,Rock
15225,Rock
15253,Rock
12210,Rap
5451,Instrumental
9267,Acustico/Folk
3446,Bollywood
11430,Bollywood
5723,Acustico/Folk
2091,Bollywood
5932,Acustico/Folk
1091,Rap
13284,Rock
12910,Alt
13079,Rock
5798,Rock
1010,Bollywood
12913,Rock
11706,Acustico/Folk
16012,Blues
7423,Rap
4653,Rock
3032,Rock
8227,Alt
16549,Acustico/Folk
17996,Rock
12274,Rock
8200,Rock
1430,Rock
10293,Bollywood
12735,Metal
13751,Rock
5742,Rock
14691,Rock
3846,Bollywood
174,Acustico/Folk
726,Acustico/Folk
3585,Rock
12585,Rock
4397,Acustico/Folk
15475,Blues
2283,Alt
7395,Alt
3396,Blues
6124,Rock
15593,Bollywood
2714,Rock
3413,Rap
17111,Acustico/Folk
6025,Alt
5178,Acustico/Folk
4908,Rock
17020,Rock
8719,Rock
13173,Rock
1766,Metal
4849,Rock
8952,Rap
12684,Rap
1947,Alt
2136,Alt
10358,Acustico/Folk
12399,Bollywood
4163,Rap
1474,Alt_Music
17541,Blues
13873,Rock
11072,Blues
15136,Rock
379,Rock
8255,Alt_Music
17483,Blues
10193,Acustico/Folk
10772,Rock
15123,Rock
7487,Rap
11896,Acustico/Folk
2022,Country
669,Rap
7532,Rock
13261,Bollywood
16059,Rock
9237,Rap
3913,Rap
10600,Metal
3932,Rock
7511,Metal
4490,Rock
16713,Acustico/Folk
5488,Alt
10271,Bollywood
2178,Metal
2076,Alt
4103,Acustico/Folk
8469,Rock
10680,Alt
7791,Metal
15753,Rock
13470,Blues
8350,Instrumental
24,Metal
2852,Bollywood
2040,Acustico/Folk
6521,Metal
12239,Rock
17194,Rock
3385,Acustico/Folk
11965,Rock
2366,Blues
15119,Acustico/Folk
11687,Alt
2619,Rap
7054,Country
3150,Metal
8377,Acustico/Folk
17774,Rock
11186,Metal
12826,Bollywood
802,Rap
10179,Acustico/Folk
6637,Alt_Music
2363,Rock
10475,Bollywood
13494,Alt_Music
465,Rock
9941,Rock
1974,Rock
15482,Bollywood
12661,Rock
16771,Bollywood
14733,Blues
17135,Rap
9015,Acustico/Folk
3339,Metal
14818,Rap
17112,Metal
10779,Rock
4497,Acustico/Folk
2694,Alt
17079,Acustico/Folk
5410,Rock
6189,Bollywood
79,Rock
4267,Rock
5844,Rock
1449,Rock
2139,Acustico/Folk
10336,Rap
16637,Rock
3899,Rock
3962,Rock
1315,Rap
11000,Metal
5897,Rock
17308,Alt
15959,Blues
11302,Rap
17114,Rap
13625,Rock
6948,Rock
14592,Rock
1126,Rock
12869,Blues
9191,Rock
13137,Rap
13403,Rock
970,Rock
12435,Rock
5324,Rock
16917,Rock
3938,Rock
11149,Rock
10431,Alt
16087,Alt
16970,Metal
11009,Acustico/Folk
11561,Rock
4613,Metal
17924,Metal
9247,Rock
14405,Alt
11580,Rock
12995,Metal
5287,Rap
11295,Country
17400,Rock
12521,Rock
1854,Metal
3822,Acustico/Folk
6675,Metal
14837,Acustico/Folk
6903,Rock
14641,Acustico/Folk
6230,Instrumental
13023,Alt
13268,Alt
10787,Alt
225,Acustico/Folk
10060,Metal
10021,Rap
12745,Instrumental
7721,Acustico/Folk
10354,Acustico/Folk
7775,Acustico/Folk
6824,Instrumental
10753,Blues
17497,Blues
7537,Rock
11052,Rock
2,Rock
6844,Rock
8124,Rap
10187,Rock
208,Rock
12459,Instrumental
8251,Acustico/Folk
1770,Rock
11005,Blues
17056,Rock
14786,Alt
14862,Rock
5759,Rock
14071,Rock
16872,Acustico/Folk
8954,Rock
3125,Acustico/Folk
6858,Rock
12732,Alt_Music
4187,Alt
6274,Rock
17474,Alt
15860,Metal
14072,Metal
8669,Rock
2373,Rock
10459,Rock
14816,Country
17157,Rap
14118,Rock
9680,Rock
3279,Country
8061,Rock
11970,Acustico/Folk
7358,Rock
13931,Acustico/Folk
10289,Rock
8840,Bollywood
6702,Blues
4341,Country
2379,Rock
1076,Rock
7780,Rock
14732,Country
17631,Rock
7131,Rock
17115,Rock
17222,Metal
17245,Rock
6904,Rock
16837,Rock
2359,Alt
3077,Rock
4683,Rap
12853,Alt
14911,Alt
10675,Blues
11459,Alt
13476,Rock
2956,Acustico/Folk
6656,Alt_Music
4568,Rock
1361,Alt
17674,Rock
14992,Rap
6859,Rap
9014,Alt
4898,Acustico/Folk
4126,Rock
10704,Alt
6455,Metal
6910,Rock
12683,Acustico/Folk
3145,Rap
10370,Rap
126,Rock
12604,Metal
13418,Bollywood
15792,Acustico/Folk
14260,Metal
13293,Rock
2093,Rock
10670,Alt
11352,Rock
12607,Rock
8984,Acustico/Folk
12211,Bollywood
17906,Acustico/Folk
5560,Rock
10705,Acustico/Folk
1468,Rock
1253,Rock
15980,Rock
2024,Alt
6570,Metal
13492,Alt
17770,Metal
11275,Instrumental
3617,Alt
13853,Metal
4665,Metal
392,Rock
10435,Rock
15232,Rock
8320,Metal
9660,Alt_Music
7741,Rock
2614,Alt
12363,Instrumental
13235,Alt
65,Rap
7691,Rock
733,Rock
14848,Acustico/Folk
4818,Blues
1932,Acustico/Folk
11531,Rap
268,Metal
13972,Acustico/Folk
663,Rock
10422,Rock
1458,Alt
15534,Acustico/Folk
3679,Instrumental
1915,Metal
2605,Rock
4179,Rap
909,Metal
6400,Rock
8358,Instrumental
15243,Blues
4293,Alt
15242,Rap
8589,Rap
14845,Alt
9250,Metal
10913,Blues
7839,Instrumental
9964,Country
1148,Rock
16480,Acustico/Folk
16822,Acustico/Folk
9674,Acustico/Folk
14007,Metal
7479,Alt
16137,Rock
1645,Acustico/Folk
11397,Rock
14155,Rock
11528,Rock
7360,Alt
1363,Rock
7179,Rock
7822,Bollywood
3051,Blues
15858,Blues
12548,Indie
683,Blues
16176,Metal
11778,Metal
2121,Rock
10614,Alt_Music
17623,Rock
601,Alt
7925,Rock
9982,Bollywood
8533,Rock
4312,Rap
17061,Rock
13038,Rap
1416,Rock
12221,Blues
16253,Acustico/Folk
11870,Rock
6848,Rock
17862,Bollywood
15463,Rock
1457,Acustico/Folk
17221,Rock
12446,Rap
17831,Rock
9354,Rock
16678,Rock
1989,Rap
16866,Instrumental
6819,Rock
2684,Metal
2854,Rock
6504,Acustico/Folk
12242,Rock
554,Alt
17299,Rock
164,Alt
6476,Blues
6360,Acustico/Folk
3941,Instrumental
11421,Blues
17320,Metal
188,Acustico/Folk
4912,Instrumental
13315,Blues
6730,Acustico/Folk
9815,Country
9454,Rock
8108,Bollywood
12591,Rock
10988,Rock
14233,Acustico/Folk
3463,Alt
5089,Rock
14023,Rap
17444,Rock
14941,Alt
12385,Rap
17173,Alt_Music
1664,Rock
16531,Alt
8670,Rap
13565,Rock
11784,Bollywood
14584,Rock
886,Bollywood
15851,Rock
9921,Rock
13677,Acustico/Folk
5026,Rock
2802,Rock
10861,Rock
5478,Alt
14543,Rock
6686,Blues
2049,Rock
501,Metal
15451,Rock
6809,Alt
3814,Blues
6132,Rock
17883,Rock
2860,Rock
7078,Country
5009,Metal
9164,Instrumental
9930,Instrumental
1504,Alt
11627,Acustico/Folk
5277,Rock
15062,Alt
5895,Acustico/Folk
568,Rock
10955,Rock
5943,Rock
358,Country
9444,Rap
12565,Rock
10837,Acustico/Folk
11020,Rock
3820,Metal
328,Rap
17606,Rock
3191,Alt
7373,Rap
15390,Instrumental
9537,Rap
10549,Rock
16377,Rock
12235,Metal
1708,Rock
8500,Bollywood
9598,Metal
13976,Country
8514,Blues
6286,Rap
9477,Rock
6897,Blues
4508,Metal
5335,Rap
16183,Acustico/Folk
4025,Rock
16932,Alt_Music
4967,Rock
10904,Rock
612,Rock
7707,Rock
14767,Blues
14274,Rock
1554,Rock
4707,Acustico/Folk
10525,Alt
17688,Rock
8226,Rock
3798,Indie
6743,Rap
11790,Acustico/Folk
14331,Instrumental
15545,Alt
6951,Alt
5084,Rock
3181,Rap
15845,Instrumental
182,Metal
11334,Rock
4946,Blues
4489,Acustico/Folk
11019,Acustico/Folk
14117,Rock
10978,Blues
10218,Instrumental
17649,Rap
3759,Acustico/Folk
11667,Metal
16056,Rock
843,Rock
587,Alt
3886,Rock
5763,Rock
5501,Metal
1403,Blues
11056,Blues
17236,Rock
423,Country
14568,Metal
523,Rock
14302,Acustico/Folk
5938,Rock
2944,Acustico/Folk
6882,Rock
11309,Rap
11514,Rap
1476,Rock
3315,Rock
12244,Rock
12581,Rock
4110,Metal
6414,Rap
2925,Country
13478,Alt
16259,Rock
13197,Rock
708,Country
12530,Acustico/Folk
8048,Acustico/Folk
14456,Rock
11048,Rock
8046,Bollywood
11797,Rap
8826,Alt
16911,Rock
16346,Rock
13116,Rock
8970,Rock
15818,Rap
12571,Rap
4744,Rock
1535,Blues
6568,Rap
12340,Rock
9875,Alt_Music
15393,Rock
10090,Rock
997,Alt
229,Rock
6559,Metal
11307,Blues
8312,Rock
16005,Acustico/Folk
11512,Acustico/Folk
17934,Rock
9141,Rock
5827,Rock
1402,Acustico/Folk
14063,Rap
2717,Bollywood
12518,Alt
8651,Rock
4164,Rock
10229,Acustico/Folk
17767,Bollywood
6793,Rock
2294,Rock
11813,Metal
3773,Acustico/Folk
10925,Metal
9301,Rock
5380,Rock
4237,Acustico/Folk
7125,Rock
2769,Rock
16697,Rock
9021,Rock
12873,Rock
6505,Acustico/Folk
14494,Rock
10049,Rock
10194,Rock
1455,Metal
8922,Rock
13335,Acustico/Folk
5630,Alt
5296,Rock
11841,Blues
17873,Rock
9498,Bollywood
7283,Rock
8664,Blues
2760,Country
12044,Blues
8622,Rock
746,Blues
15219,Acustico/Folk
10935,Alt
3033,Rock
12717,Rock
4676,Alt
11308,Acustico/Folk
5071,Rock
3481,Rock
9408,Rock
1521,Acustico/Folk
11368,Acustico/Folk
7417,Rock
10715,Alt
14843,Country
8023,Rock
5062,Rock
11269,Alt
15606,Rock
8169,Instrumental
16216,Rock
14060,Instrumental
14166,Indie
7233,Rock
13988,Acustico/Folk
14897,Rap
15103,Acustico/Folk
15549,Rock
9328,Acustico/Folk
14412,Rock
15270,Metal
16751,Bollywood
10489,Rock
2509,Alt
522,Rock
57,Alt
1815,Rock
766,Rock
3748,Rock
15483,Acustico/Folk
14978,Rock
8817,Acustico/Folk
13325,Rap
8054,Alt_Music
5940,Alt
9892,Metal
2630,Alt_Music
393,Acustico/Folk
14239,Alt
13163,Instrumental
16564,Country
13946,Rock
16293,Blues
9286,Instrumental
13641,Instrumental
13960,Acustico/Folk
1769,Rap
6359,Rock
4660,Rock
106,Rock
13484,Rap
1080,Alt
10409,Rock
13874,Country
3139,Metal
13601,Rap
12926,Rock
3751,Acustico/Folk
12338,Rock
17556,Acustico/Folk
9699,Rock
3762,Rock
5392,Rap
14381,Country
9599,Rock
2519,Rock
6304,Alt
1642,Acustico/Folk
7519,Rock
17826,Alt
7697,Metal
16182,Alt
2351,Acustico/Folk
2766,Alt
2653,Rock
17781,Rap
13774,Acustico/Folk
15160,Rock
7411,Country
6187,Acustico/Folk
10756,Acustico/Folk
796,Acustico/Folk
11937,Acustico/Folk
5731,Rap
16476,Rock
3542,Bollywood
4148,Rock
7056,Rock
5566,Alt
9481,Metal
15965,Rock
8920,Bollywood
4949,Rock
12527,Blues
12741,Metal
1107,Rock
5738,Bollywood
178,Rock
15349,Blues
12852,Bollywood
16258,Alt
7919,Instrumental
14413,Rock
13209,Acustico/Folk
13850,Alt
17847,Metal
9712,Rock
12185,Rock
11952,Bollywood
5779,Rock
9363,Alt
17024,Alt
15881,Alt
12492,Rock
5382,Rap
7610,Acustico/Folk
453,Rap
5432,Rock
17162,Rock
1597,Rock
7394,Rap
7737,Rock
6556,Metal
14529,Rap
8339,Blues
5526,Blues
15201,Acustico/Folk
6070,Rock
11231,Acustico/Folk
10124,Rock
4706,Rock
2242,Metal
15468,Rock
11670,Metal
12011,Rock
13894,Rap
15237,Rock
10461,Acustico/Folk
12850,Rock
15318,Rock
2963,Metal
6319,Rap
17383,Rock
2729,Instrumental
4557,Metal
5774,Acustico/Folk
3880,Rock
7787,Rock
7556,Rock
7329,Rock
13132,Alt
8706,Instrumental
3457,Rock
2652,Rock
12540,Metal
11726,Rock
13223,Rock
2097,Metal
15970,Metal
10510,Metal
3985,Rock
579,Rap
2257,Alt
14759,Rock
10953,Rock
6704,Alt
17654,Bollywood
12093,Alt
2123,Rock
14115,Alt
10721,Rock
15764,Rock
2459,Rap
13200,Rock
11004,Acustico/Folk
1853,Alt
11420,Alt
16227,Rock
4500,Rock
12725,Rock
8413,Rock
1213,Rap
12203,Bollywood
15634,Metal
17787,Rock
13501,Country
5004,Bollywood
2658,Alt
3793,Acustico/Folk
1492,Rock
15308,Rock
4469,Acustico/Folk
13868,Alt
6864,Rap
6987,Rock
1042,Rock
14614,Instrumental
4501,Alt_Music
1929,Acustico/Folk
1284,Rock
1435,Instrumental
17118,Bollywood
16978,Country
2219,Alt
13457,Acustico/Folk
11356,Alt
872,Rock
13717,Rock
16207,Alt
12272,Acustico/Folk
11188,Alt
1674,Metal
2041,Acustico/Folk
5023,Instrumental
16692,Country
14885,Alt
9102,Instrumental
3035,Rock
9525,Rap
17699,Rock
1827,Rock
14435,Rock
15933,Rock
3774,Rock
12425,Rock
4574,Alt
1949,Rock
7424,Rock
6424,Bollywood
9193,Rap
9466,Acustico/Folk
9274,Metal
973,Metal
7687,Metal
11916,Acustico/Folk
7700,Alt
6982,Alt_Music
6097,Rock
16936,Rock
3968,Rock
4183,Rap
12726,Acustico/Folk
4823,Acustico/Folk
6802,Rock
11299,Rock
6358,Bollywood
11859,Rock
15051,Acustico/Folk
10072,Rock
17314,Rock
13480,Rock
12693,Rock
7965,Rock
11266,Rock
11359,Rap
6980,Acustico/Folk
11187,Instrumental
752,Rock
7291,Rock
12188,Alt
8039,Rock
5761,Blues
1092,Instrumental
11422,Rock
5473,Rock
10377,Acustico/Folk
1898,Rock
6283,Rock
1024,Rap
6557,Acustico/Folk
1727,Rock
16353,Rock
10662,Rock
217,Blues
11905,Instrumental
10583,Rock
4622,Rock
16028,Rap
7319,Rock
15204,Metal
9051,Rock
12851,Acustico/Folk
13563,Blues
55,Acustico/Folk
4589,Rock
975,Metal
5427,Rock
17657,Alt_Music
6924,Rock
11995,Rock
14167,Rap
16162,Rock
7161,Acustico/Folk
17946,Instrumental
159,Acustico/Folk
12569,Rock
9945,Blues
2165,Acustico/Folk
15022,Bollywood
17110,Acustico/Folk
10845,Rock
5469,Rock
17126,Metal
9053,Acustico/Folk
792,Rap
10965,Rock
664,Rap
14652,Rock
10004,Bollywood
1071,Indie
16143,Acustico/Folk
12182,Acustico/Folk
7013,Instrumental
2602,Blues
3017,Alt
9990,Alt
16890,Acustico/Folk
14602,Rock
67,Blues
15907,Country
17555,Rock
2740,Rock
4194,Rap
9494,Rap
11335,Acustico/Folk
8367,Acustico/Folk
11994,Rock
8482,Alt_Music
17647,Rock
7573,Alt
8275,Rock
15731,Rock
10485,Blues
6240,Alt
17078,Rap
14481,Metal
7782,Rock
17257,Acustico/Folk
1820,Rap
14001,Alt
16547,Rock
7779,Rock
16292,Rap
1089,Acustico/Folk
7168,Rock
22,Rap
16717,Rock
3122,Acustico/Folk
3111,Rock
16997,Acustico/Folk
1108,Country
6530,Rock
15768,Acustico/Folk
7113,Blues
6766,Alt
12012,Rock
10574,Rock
8198,Metal
17505,Alt
14838,Rock
7015,Rock
13572,Rock
4202,Metal
17651,Alt_Music
1567,Alt
7748,Blues
14453,Rock
15418,Rock
15355,Rock
12628,Acustico/Folk
12094,Acustico/Folk
5794,Bollywood
17611,Rock
11642,Rock
15809,Blues
5429,Acustico/Folk
17371,Alt
16153,Rap
16527,Rock
17267,Blues
9016,Metal
1410,Rock
16113,Rock
10929,Alt
4371,Rock
11680,Metal
6206,Metal
10997,Blues
4780,Rock
5173,Bollywood
3621,Metal
184,Rap
14088,Alt
7885,Blues
5236,Blues
9547,Acustico/Folk
7804,Alt
17542,Alt
1975,Rap
1433,Instrumental
7129,Rock
1722,Rock
4188,Acustico/Folk
6893,Rap
1039,Rock
3892,Rock
570,Bollywood
17152,Rock
15688,Rock
9386,Rock
10810,Acustico/Folk
3509,Metal
2437,Blues
4833,Rock
3045,Rock
9125,Metal
719,Alt
11116,Country
2125,Rock
13226,Acustico/Folk
16712,Rock
6469,Rock
4457,Rock
2349,Alt
17322,Alt_Music
4848,Rap
6221,Instrumental
16930,Rock
6272,Rock
7285,Rock
7439,Rock
1591,Rock
11644,Metal
16783,Blues
9200,Rock
5751,Alt
12837,Alt
6384,Metal
8166,Rock
15081,Bollywood
15961,Rock
5962,Acustico/Folk
4329,Alt
11437,Bollywood
11413,Alt
5645,Acustico/Folk
4068,Rap
6142,Rock
12291,Alt
8935,Acustico/Folk
2936,Rock
13415,Rock
17601,Acustico/Folk
12637,Acustico/Folk
4580,Metal
10972,Metal
8565,Alt
5439,Acustico/Folk
3626,Alt
14960,Metal
16017,Rock
6823,Blues
4815,Rock
15319,Rock
5437,Instrumental
6712,Acustico/Folk
6804,Acustico/Folk
17900,Instrumental
2789,Blues
10646,Alt
8055,Rock
12901,Rock
840,Rock
9289,Metal
7359,Rap
7300,Bollywood
12164,Acustico/Folk
17669,Country
12525,Rock
15167,Acustico/Folk
17686,Acustico/Folk
3603,Rock
12273,Bollywood
4323,Rock
17070,Alt_Music
13653,Acustico/Folk
3860,Blues
5086,Metal
62,Alt_Music
3085,Bollywood
13062,Alt
7988,Acustico/Folk
7073,Rap
15862,Acustico/Folk
8497,Rock
12908,Acustico/Folk
15715,Instrumental
903,Acustico/Folk
15516,Rap
16956,Blues
4129,Rock
15126,Blues
9395,Alt
9807,Rap
8271,Alt
10487,Rap
12099,Acustico/Folk
13785,Instrumental
4053,Indie
17472,Alt
4961,Blues
3866,Rock
367,Acustico/Folk
12720,Rock
8495,Rock
6149,Acustico/Folk
3637,Alt_Music
11623,Rock
273,Rock
5466,Alt
14234,Rock
4338,Rock
11091,Rock
11120,Rock
8343,Rock
11773,Alt
10310,Blues
6141,Acustico/Folk
9475,Instrumental
5706,Rock
5489,Rock
563,Blues
6625,Metal
194,Rock
11247,Rock
8899,Metal
6411,Alt
15377,Metal
40,Metal
10872,Blues
2559,Country
2005,Rock
12880,Acustico/Folk
8942,Rock
12538,Acustico/Folk
670,Metal
9783,Metal
16685,Alt
12021,Blues
3502,Acustico/Folk
547,Rock
11147,Metal
14573,Alt
3153,Rock
2126,Rock
13368,Blues
3004,Metal
3227,Rock
10047,Rap
17981,Alt
15300,Rock
1982,Alt
17333,Rock
8403,Rock
14369,Rock
6797,Rock
9321,Acustico/Folk
3500,Rock
16380,Rock
12649,Rock
14162,Rock
2422,Acustico/Folk
3541,Rock
15520,Blues
7248,Rock
16800,Rap
4003,Bollywood
9307,Rock
17378,Blues
1143,Alt_Music
13598,Rock
15525,Country
4116,Metal
3797,Acustico/Folk
8395,Alt
17839,Alt
8243,Alt
8776,Rap
15950,Acustico/Folk
9376,Rock
11204,Acustico/Folk
14667,Rock
2554,Rock
10404,Rap
6275,Rock
8288,Rock
9349,Country
2844,Metal
15710,Rock
121,Acustico/Folk
7874,Rap
17564,Rock
6290,Rock
3283,Alt
8915,Blues
15701,Rock
517,Alt
956,Metal
4994,Instrumental
8348,Metal
12103,Metal
247,Blues
7099,Rap
10084,Rock
431,Rock
13240,Acustico/Folk
11140,Blues
16054,Rock
13922,Rock
17737,Alt
12027,Acustico/Folk
17850,Alt
484,Alt
6623,Alt
4590,Acustico/Folk
323,Acustico/Folk
9992,Acustico/Folk
4968,Acustico/Folk
6985,Rock
16923,Blues
4250,Acustico/Folk
12316,Metal
5550,Rock
12089,Rap
9549,Acustico/Folk
12318,Bollywood
17384,Rock
13066,Rock
47,Acustico/Folk
11562,Acustico/Folk
6719,Alt
4208,Acustico/Folk
6996,Metal
12334,Bollywood
7616,Rock
2490,Rock
13129,Instrumental
11951,Rock
1711,Alt
3466,Alt
756,Acustico/Folk
12190,Instrumental
11685,Instrumental
17931,Acustico/Folk
5250,Rock
7385,Alt
2620,Rock
13475,Bollywood
2913,Rock
12054,Acustico/Folk
16766,Metal
4373,Metal
14474,Alt_Music
11132,Alt
16339,Rap
7296,Alt
2749,Alt
8648,Acustico/Folk
3432,Rock
596,Rock
13530,Rock
9486,Metal
6954,Rock
3607,Rock
9340,Rock
13363,Acustico/Folk
12083,Metal
1888,Rap
11598,Bollywood
7405,Metal
16622,Metal
9662,Rock
370,Rock
13192,Rock
13191,Rap
3127,Rock
12120,Rock
7623,Rock
10595,Acustico/Folk
8013,Rock
6695,Alt
877,Alt
3674,Rap
4810,Instrumental
14041,Acustico/Folk
17389,Rock
13731,Rock
13586,Rock
13655,Rock
2659,Alt
11822,Rock
824,Metal
13807,Rock
1653,Metal
15080,Rock
10609,Blues
10915,Rap
6364,Instrumental
9095,Alt
6334,Alt
4697,Bollywood
3047,Alt
1852,Rap
16172,Alt
7162,Rock
4733,Alt
6731,Acustico/Folk
1263,Rock
13919,Alt
13576,Alt
6854,Bollywood
8793,Rock
626,Metal
15734,Rock
7964,Rock
17005,Rock
11453,Instrumental
694,Metal
15495,Metal
72,Rap
5374,Rock
5637,Rock
9835,Alt
3578,Rock
5130,Rock
3766,Rock
16537,Metal
6356,Alt
13462,Rock
12536,Acustico/Folk
11744,Rock
1382,Metal
7081,Rock
6224,Rock
11059,Instrumental
11885,Rap
7932,Rock
13412,Alt
618,Rock
13195,Rock
2675,Metal
947,Rock
14473,Bollywood
14250,Rock
2835,Rock
1224,Rock
7147,Metal
281,Blues
3327,Country
1512,Rap
6878,Rock
13920,Rock
9115,Acustico/Folk
5492,Instrumental
10197,Alt_Music
6040,Metal
1838,Blues
9220,Rock
16721,Acustico/Folk
8135,Rock
9008,Rock
3102,Rock
10314,Rock
6507,Alt
14403,Rock
5796,Rock
6248,Rock
3639,Alt
5684,Rock
10909,Rock
6606,Metal
3177,Metal
17782,Rock
7003,Metal
16653,Alt
3695,Rock
14952,Acustico/Folk
4378,Rock
14028,Alt
15696,Blues
9951,Metal
3274,Alt
8540,Rock
12451,Alt_Music
2479,Metal
12613,Acustico/Folk
3801,Country
13554,Rock
10174,Rock
14521,Acustico/Folk
14621,Rap
16392,Rock
2174,Blues
623,Rock
11697,Rap
6822,Rap
13300,Rock
4513,Indie
2985,Rock
4328,Alt_Music
10050,Bollywood
12311,Metal
15891,Metal
9988,Country
11377,Alt
9890,Rock
12646,Blues
7812,Alt
4542,Alt_Music
1194,Acustico/Folk
4993,Rock
8538,Alt
12417,Rap
3926,Alt
15871,Acustico/Folk
10032,Bollywood
8192,Rock
16328,Rock
1732,Alt
4444,Rock
4456,Rock
1748,Rock
11960,Rap
10157,Metal
49,Instrumental
16472,Alt
3649,Rock
6131,Rock
2172,Rock
9399,Rock
5642,Acustico/Folk
11526,Acustico/Folk
17159,Rock
639,Rock
3233,Alt_Music
767,Bollywood
5125,Acustico/Folk
5011,Acustico/Folk
14841,Rock
11541,Rap
16146,Rap
3226,Metal
13750,Rock
10207,Rock
2635,Rock
7454,Rock
12060,Rap
2590,Rock
17350,Rock
2084,Rock
4048,Rock
1037,Rock
277,Rock
14362,Alt
7170,Instrumental
9766,Rock
13548,Acustico/Folk
3997,Rock
15674,Rock
17203,Metal
8405,Bollywood
400,Alt
560,Rock
17675,Rock
14195,Rock
4768,Rock
11423,Rock
333,Alt
10466,Alt
12468,Rock
13980,Rock
1728,Alt
16510,Acustico/Folk
5978,Rock
7375,Acustico/Folk
4432,Alt
3403,Alt
10655,Rock
15278,Rock
7467,Rock
16526,Rock
17817,Instrumental
5757,Rap
15511,Alt
15054,Rock
16885,Metal
12909,Rock
10297,Rock
13006,Rap
8865,Alt
3199,Rock
2981,Rock
3207,Alt
10854,Rock
7580,Metal
13534,Rock
9911,Bollywood
7024,Rock
17930,Rap
223,Rock
8426,Rock
7862,Acustico/Folk
15074,Bollywood
348,Rock
8524,Rock
2404,Metal
5813,Acustico/Folk
9675,Rock
14149,Acustico/Folk
11974,Rap
9436,Rock
6417,Rock
13539,Acustico/Folk
10651,Rock
13110,Rock
7111,Metal
14150,Rock
5888,Rock
13708,Metal
2865,Rock
16104,Rock
5836,Rock
5234,Alt
14299,Acustico/Folk
17340,Acustico/Folk
2885,Alt
17001,Blues
9670,Alt_Music
1014,Metal
9713,Alt
5141,Rock
8548,Rap
10092,Rock
6493,Blues
10025,Rock
584,Bollywood
10632,Rap
12620,Alt
6574,Rock
15215,Rock
14368,Rock
1584,Rock
12653,Blues
15528,Acustico/Folk
9214,Metal
5533,Instrumental
11632,Rock
10158,Metal
15870,Blues
2831,Rap
9287,Alt
6152,Acustico/Folk
16928,Acustico/Folk
7584,Alt_Music
17629,Alt_Music
16759,Blues
280,Blues
14656,Rock
4811,Rock
14852,Blues
8882,Bollywood
3117,Rap
5686,Bollywood
15651,Rock
15763,Acustico/Folk
3323,Alt
12583,Rock
12131,Rap
16939,Alt
15262,Rock
11488,Country
7971,Alt
9121,Acustico/Folk
5371,Acustico/Folk
15537,Acustico/Folk
1267,Acustico/Folk
14926,Rock
150,Acustico/Folk
11898,Acustico/Folk
17462,Acustico/Folk
12570,Country
2926,Instrumental
11090,Acustico/Folk
14406,Metal
8859,Rock
3409,Alt
6279,Acustico/Folk
15888,Alt
9403,Acustico/Folk
10638,Alt
8916,Rap
15689,Acustico/Folk
10560,Alt
13222,Acustico/Folk
1314,Alt_Music
11253,Acustico/Folk
9396,Rock
1945,Alt_Music
2341,Rock
8180,Metal
17522,Acustico/Folk
10100,Instrumental
4610,Rock
8800,Alt
13768,Alt
6419,Acustico/Folk
3027,Rock
9614,Rock
543,Acustico/Folk
3215,Acustico/Folk
16336,Blues
3331,Alt
15153,Rap
4483,Rock
10747,Acustico/Folk
2201,Alt
13354,Rock
9024,Acustico/Folk
12871,Acustico/Folk
16878,Rock
2561,Rock
6810,Metal
12682,Instrumental
16654,Rock
8708,Rock
11616,Rock
4479,Rock
1172,Rock
10165,Rap
8699,Rap
15303,Acustico/Folk
16210,Blues
11767,Rap
12300,Acustico/Folk
185,Rock
14770,Metal
7407,Rock
3708,Rock
5150,Rock
14183,Rock
10980,Acustico/Folk
11759,Acustico/Folk
9683,Alt
10843,Acustico/Folk
2234,Acustico/Folk
7216,Instrumental
8009,Rock
15836,Rock
17002,Rock
7464,Rock
16748,Rap
1040,Alt
14235,Metal
13738,Rock
2263,Blues
4033,Acustico/Folk
13575,Rock
8373,Acustico/Folk
16134,Rock
9099,Metal
7335,Alt
6920,Rock
17791,Acustico/Folk
13654,Metal
935,Alt
13046,Metal
16040,Instrumental
7589,Rock
10784,Rock
14707,Acustico/Folk
3405,Rock
5870,Rock
16682,Instrumental
8148,Rock
14883,Rock
11418,Country
10821,Acustico/Folk
103,Rap
3976,Acustico/Folk
7899,Country
17944,Blues
2301,Rock
5295,Country
7290,Rock
8384,Metal
15711,Blues
6338,Alt
354,Blues
10617,Rock
15496,Rock
2424,Rock
17396,Rock
4265,Rap
4932,Rock
12373,Rock
9618,Acustico/Folk
8883,Alt
17741,Rock
17449,Rap
5240,Rock
7071,Rock
17764,Country
4853,Rock
10777,Blues
7868,Acustico/Folk
5042,Rap
15207,Rock
1944,Blues
8544,Rock
16114,Metal
1528,Acustico/Folk
10451,Acustico/Folk
5696,Blues
2819,Rock
12642,Rap
5588,Blues
3597,Metal
11820,Rap
5551,Acustico/Folk
4521,Metal
6209,Rock
8977,Rock
17874,Rock
10967,Alt
1540,Blues
8340,Rock
6524,Blues
1496,Metal
7696,Rock
15721,Alt
12376,Metal
6430,Metal
2043,Rock
8799,Country
13724,Rap
16844,Rock
649,Blues
6792,Bollywood
11224,Alt
260,Rock
11426,Rap
376,Acustico/Folk
11228,Metal
10029,Alt_Music
9188,Rock
3434,Rap
12643,Alt
12218,Rock
16358,Alt
1612,Metal
11609,Rock
6869,Acustico/Folk
13037,Metal
897,Acustico/Folk
15445,Rock
13977,Rock
17753,Instrumental
5383,Acustico/Folk
6753,Rock
4140,Metal
9503,Country
15828,Rock
12141,Rock
7682,Alt
6578,Metal
2593,Alt_Music
706,Rock
12062,Alt
13136,Acustico/Folk
3728,Metal
11067,Alt_Music
5476,Rock
13838,Bollywood
13567,Acustico/Folk
2392,Metal
8551,Acustico/Folk
4284,Country
11595,Alt
11380,Rock
3097,Alt
4522,Metal
14253,Instrumental
10696,Rock
11518,Rock
14971,Rock
5596,Rock
14554,Acustico/Folk
3790,Rock
11241,Rock
3134,Acustico/Folk
16733,Rap
12964,Indie
10950,Acustico/Folk
17050,Rap
3180,Acustico/Folk
13270,Rock
4767,Blues
9357,Rock
17062,Rock
1959,Rock
9878,Rock
4738,Rock
9799,Metal
13740,Rock
17435,Alt
15034,Alt
8175,Rock
5406,Alt
10578,Blues
11133,Acustico/Folk
990,Metal
17176,Acustico/Folk
12226,Instrumental
11,Alt_Music
9032,Rock
3001,Alt
7503,Acustico/Folk
9143,Rock
5267,Rock
8680,Rap
12472,Rock
2302,Alt
10070,Rap
13382,Rock
11323,Rock
3660,Rock
7618,Acustico/Folk
5245,Alt
4809,Instrumental
13367,Blues
11465,Rock
2334,Rap
4482,Metal
13966,Rock
15499,Rock
6002,Acustico/Folk
1965,Metal
13497,Rock
6204,Alt
396,Acustico/Folk
12017,Rock
6520,Rock
5591,Rock
14863,Rock
